Customer_ID,Age,Gender,Income_Bracket,Employment_Status,City
CUST0001,59,Female,3-6 LPA,Salaried,Ahmedabad
CUST0002,49,Other,15-25 LPA,Salaried,Ahmedabad
CUST0003,35,Female,3-6 LPA,Self-Employed,Bengaluru
CUST0004,63,Female,<3 LPA,Unemployed,Kolkata
CUST0005,28,Female,3-6 LPA,Self-Employed,Hyderabad
CUST0006,41,Male,3-6 LPA,Salaried,Mumbai
CUST0007,59,Other,25+ LPA,Salaried,Bengaluru
CUST0008,39,Female,6-10 LPA,Self-Employed,Ahmedabad
CUST0009,43,Female,25+ LPA,Salaried,Delhi
CUST0010,31,Female,6-10 LPA,Student,Kolkata
CUST0011,31,Female,6-10 LPA,Unemployed,Bengaluru
CUST0012,44,Female,3-6 LPA,Self-Employed,Bengaluru
CUST0013,56,Male,6-10 LPA,Student,Pune
CUST0014,60,Female,<3 LPA,Salaried,Bengaluru
CUST0015,44,Male,15-25 LPA,Self-Employed,Pune
CUST0016,23,Other,15-25 LPA,Salaried,Mumbai
CUST0017,42,Female,3-6 LPA,Student,Mumbai
CUST0018,22,Male,25+ LPA,Salaried,Ahmedabad
CUST0019,44,Female,15-25 LPA,Self-Employed,Delhi
CUST0020,64,Female,10-15 LPA,Student,Chennai
CUST0021,50,Female,<3 LPA,Salaried,Chennai
CUST0022,58,Female,6-10 LPA,Salaried,Chennai
CUST0023,22,Male,6-10 LPA,Self-Employed,Ahmedabad
CUST0024,41,Female,3-6 LPA,Salaried,Pune
CUST0025,53,Female,<3 LPA,Salaried,Ahmedabad
CUST0026,32,Male,10-15 LPA,Salaried,Kolkata
CUST0027,42,Female,<3 LPA,Salaried,Kolkata
CUST0028,64,Male,6-10 LPA,Student,Delhi
CUST0029,45,Male,25+ LPA,Self-Employed,Kolkata
CUST0030,69,Female,15-25 LPA,Salaried,Chennai
CUST0031,47,Female,3-6 LPA,Salaried,Chennai
CUST0032,62,Male,15-25 LPA,Salaried,Ahmedabad
CUST0033,48,Female,<3 LPA,Salaried,Bengaluru
CUST0034,36,Male,<3 LPA,Salaried,Kolkata
CUST0035,35,Male,6-10 LPA,Salaried,Ahmedabad
CUST0036,67,Male,3-6 LPA,Salaried,Mumbai
CUST0037,64,Male,3-6 LPA,Self-Employed,Mumbai
CUST0038,23,Male,6-10 LPA,Salaried,Bengaluru
CUST0039,57,Female,3-6 LPA,Self-Employed,Bengaluru
CUST0040,27,Female,3-6 LPA,Self-Employed,Bengaluru
CUST0041,41,Male,6-10 LPA,Self-Employed,Ahmedabad
CUST0042,29,Female,10-15 LPA,Self-Employed,Mumbai
CUST0043,59,Female,6-10 LPA,Salaried,Chennai
CUST0044,38,Male,3-6 LPA,Student,Bengaluru
CUST0045,24,Female,6-10 LPA,Self-Employed,Delhi
CUST0046,45,Other,3-6 LPA,Salaried,Pune
CUST0047,34,Male,<3 LPA,Unemployed,Ahmedabad
CUST0048,29,Male,10-15 LPA,Self-Employed,Bengaluru
CUST0049,46,Female,3-6 LPA,Salaried,Pune
CUST0050,22,Female,3-6 LPA,Salaried,Hyderabad
CUST0051,40,Male,10-15 LPA,Salaried,Bengaluru
CUST0052,48,Female,6-10 LPA,Student,Mumbai
CUST0053,67,Female,6-10 LPA,Self-Employed,Kolkata
CUST0054,27,Female,3-6 LPA,Student,Bengaluru
CUST0055,64,Female,3-6 LPA,Self-Employed,Ahmedabad
CUST0056,28,Female,3-6 LPA,Salaried,Kolkata
CUST0057,67,Male,3-6 LPA,Salaried,Hyderabad
CUST0058,55,Male,10-15 LPA,Self-Employed,Delhi
CUST0059,34,Female,15-25 LPA,Self-Employed,Kolkata
CUST0060,37,Female,10-15 LPA,Retired,Pune
CUST0061,56,Male,10-15 LPA,Salaried,Chennai
CUST0062,60,Female,6-10 LPA,Salaried,Bengaluru
CUST0063,24,Female,10-15 LPA,Self-Employed,Hyderabad
CUST0064,22,Male,3-6 LPA,Self-Employed,Hyderabad
CUST0065,26,Female,6-10 LPA,Self-Employed,Kolkata
CUST0066,62,Female,6-10 LPA,Self-Employed,Delhi
CUST0067,24,Female,3-6 LPA,Salaried,Mumbai
CUST0068,49,Female,3-6 LPA,Self-Employed,Bengaluru
CUST0069,38,Male,25+ LPA,Self-Employed,Hyderabad
CUST0070,46,Female,3-6 LPA,Student,Delhi
CUST0071,64,Male,<3 LPA,Unemployed,Chennai
CUST0072,54,Male,6-10 LPA,Salaried,Hyderabad
CUST0073,30,Female,10-15 LPA,Salaried,Delhi
CUST0074,56,Male,6-10 LPA,Retired,Ahmedabad
CUST0075,34,Male,10-15 LPA,Salaried,Mumbai
CUST0076,51,Female,3-6 LPA,Student,Mumbai
CUST0077,68,Male,6-10 LPA,Salaried,Hyderabad
CUST0078,35,Male,3-6 LPA,Self-Employed,Pune
CUST0079,28,Female,15-25 LPA,Unemployed,Hyderabad
CUST0080,34,Female,6-10 LPA,Student,Kolkata
CUST0081,43,Male,3-6 LPA,Salaried,Bengaluru
CUST0082,60,Female,<3 LPA,Self-Employed,Delhi
CUST0083,41,Female,<3 LPA,Salaried,Hyderabad
CUST0084,36,Female,3-6 LPA,Salaried,Bengaluru
CUST0085,65,Female,3-6 LPA,Self-Employed,Kolkata
CUST0086,38,Other,6-10 LPA,Self-Employed,Ahmedabad
CUST0087,67,Female,6-10 LPA,Student,Ahmedabad
CUST0088,44,Female,3-6 LPA,Salaried,Bengaluru
CUST0089,46,Female,<3 LPA,Salaried,Hyderabad
CUST0090,45,Male,<3 LPA,Salaried,Mumbai
CUST0091,65,Male,15-25 LPA,Salaried,Delhi
CUST0092,61,Female,3-6 LPA,Salaried,Delhi
CUST0093,49,Female,10-15 LPA,Self-Employed,Ahmedabad
CUST0094,35,Female,15-25 LPA,Salaried,Ahmedabad
CUST0095,65,Male,6-10 LPA,Student,Mumbai
CUST0096,21,Female,15-25 LPA,Retired,Pune
CUST0097,45,Male,3-6 LPA,Self-Employed,Hyderabad
CUST0098,27,Male,25+ LPA,Student,Ahmedabad
CUST0099,29,Female,<3 LPA,Self-Employed,Ahmedabad
CUST0100,44,Female,<3 LPA,Salaried,Ahmedabad
CUST0101,21,Female,10-15 LPA,Salaried,Delhi
CUST0102,64,Female,25+ LPA,Salaried,Hyderabad
CUST0103,28,Male,15-25 LPA,Self-Employed,Kolkata
CUST0104,44,Female,<3 LPA,Student,Hyderabad
CUST0105,31,Male,3-6 LPA,Salaried,Bengaluru
CUST0106,37,Female,25+ LPA,Student,Mumbai
CUST0107,28,Female,3-6 LPA,Self-Employed,Pune
CUST0108,55,Female,10-15 LPA,Salaried,Ahmedabad
CUST0109,55,Female,15-25 LPA,Retired,Ahmedabad
CUST0110,53,Female,6-10 LPA,Salaried,Hyderabad
CUST0111,25,Female,3-6 LPA,Salaried,Pune
CUST0112,62,Male,6-10 LPA,Self-Employed,Ahmedabad
CUST0113,59,Male,3-6 LPA,Salaried,Pune
CUST0114,61,Male,15-25 LPA,Self-Employed,Kolkata
CUST0115,48,Male,6-10 LPA,Salaried,Chennai
CUST0116,27,Female,15-25 LPA,Salaried,Mumbai
CUST0117,29,Female,<3 LPA,Retired,Pune
CUST0118,28,Male,25+ LPA,Salaried,Delhi
CUST0119,32,Male,6-10 LPA,Salaried,Bengaluru
CUST0120,54,Male,<3 LPA,Salaried,Delhi
CUST0121,53,Female,<3 LPA,Student,Ahmedabad
CUST0122,68,Female,10-15 LPA,Salaried,Kolkata
CUST0123,43,Male,10-15 LPA,Salaried,Kolkata
CUST0124,44,Female,15-25 LPA,Salaried,Delhi
CUST0125,57,Female,<3 LPA,Salaried,Mumbai
CUST0126,55,Male,<3 LPA,Unemployed,Delhi
CUST0127,64,Female,6-10 LPA,Self-Employed,Hyderabad
CUST0128,60,Female,3-6 LPA,Salaried,Ahmedabad
CUST0129,42,Male,6-10 LPA,Self-Employed,Ahmedabad
CUST0130,47,Male,25+ LPA,Salaried,Delhi
CUST0131,55,Male,25+ LPA,Retired,Bengaluru
CUST0132,21,Male,25+ LPA,Retired,Bengaluru
CUST0133,55,Female,10-15 LPA,Salaried,Ahmedabad
CUST0134,57,Female,3-6 LPA,Student,Chennai
CUST0135,67,Male,6-10 LPA,Self-Employed,Bengaluru
CUST0136,34,Male,6-10 LPA,Salaried,Delhi
CUST0137,23,Male,15-25 LPA,Salaried,Bengaluru
CUST0138,21,Male,<3 LPA,Salaried,Ahmedabad
CUST0139,25,Female,6-10 LPA,Self-Employed,Mumbai
CUST0140,46,Male,<3 LPA,Retired,Pune
CUST0141,34,Male,6-10 LPA,Self-Employed,Bengaluru
CUST0142,59,Male,15-25 LPA,Student,Hyderabad
CUST0143,47,Female,10-15 LPA,Self-Employed,Mumbai
CUST0144,29,Male,3-6 LPA,Unemployed,Chennai
CUST0145,35,Female,25+ LPA,Self-Employed,Hyderabad
CUST0146,35,Male,10-15 LPA,Salaried,Delhi
CUST0147,46,Female,<3 LPA,Self-Employed,Pune
CUST0148,62,Female,3-6 LPA,Unemployed,Delhi
CUST0149,33,Male,3-6 LPA,Salaried,Pune
CUST0150,52,Male,<3 LPA,Unemployed,Pune
CUST0151,59,Female,25+ LPA,Salaried,Delhi
CUST0152,69,Female,6-10 LPA,Salaried,Hyderabad
CUST0153,52,Male,15-25 LPA,Unemployed,Hyderabad
CUST0154,24,Female,3-6 LPA,Salaried,Pune
CUST0155,50,Female,<3 LPA,Salaried,Hyderabad
CUST0156,57,Female,6-10 LPA,Salaried,Pune
CUST0157,43,Male,<3 LPA,Student,Ahmedabad
CUST0158,59,Female,6-10 LPA,Salaried,Pune
CUST0159,65,Male,25+ LPA,Student,Ahmedabad
CUST0160,35,Female,6-10 LPA,Salaried,Mumbai
CUST0161,63,Male,6-10 LPA,Retired,Kolkata
CUST0162,49,Male,3-6 LPA,Retired,Mumbai
CUST0163,56,Male,<3 LPA,Salaried,Delhi
CUST0164,33,Female,<3 LPA,Salaried,Kolkata
CUST0165,52,Male,6-10 LPA,Salaried,Bengaluru
CUST0166,27,Male,<3 LPA,Self-Employed,Delhi
CUST0167,42,Male,3-6 LPA,Salaried,Chennai
CUST0168,48,Female,6-10 LPA,Salaried,Mumbai
CUST0169,22,Other,3-6 LPA,Salaried,Hyderabad
CUST0170,62,Male,3-6 LPA,Salaried,Mumbai
CUST0171,65,Female,3-6 LPA,Salaried,Hyderabad
CUST0172,26,Female,25+ LPA,Self-Employed,Kolkata
CUST0173,48,Female,10-15 LPA,Retired,Chennai
CUST0174,48,Male,6-10 LPA,Salaried,Kolkata
CUST0175,64,Male,<3 LPA,Self-Employed,Chennai
CUST0176,64,Male,25+ LPA,Salaried,Mumbai
CUST0177,40,Male,10-15 LPA,Unemployed,Hyderabad
CUST0178,50,Male,3-6 LPA,Student,Kolkata
CUST0179,31,Female,15-25 LPA,Student,Chennai
CUST0180,48,Male,3-6 LPA,Retired,Pune
CUST0181,45,Male,6-10 LPA,Salaried,Delhi
CUST0182,59,Female,6-10 LPA,Unemployed,Delhi
CUST0183,53,Male,3-6 LPA,Self-Employed,Kolkata
CUST0184,21,Female,25+ LPA,Salaried,Hyderabad
CUST0185,47,Female,10-15 LPA,Retired,Pune
CUST0186,33,Male,6-10 LPA,Salaried,Kolkata
CUST0187,61,Female,3-6 LPA,Self-Employed,Mumbai
CUST0188,23,Female,<3 LPA,Salaried,Chennai
CUST0189,59,Female,3-6 LPA,Salaried,Ahmedabad
CUST0190,26,Female,10-15 LPA,Self-Employed,Mumbai
CUST0191,28,Female,3-6 LPA,Self-Employed,Delhi
CUST0192,47,Female,6-10 LPA,Salaried,Chennai
CUST0193,29,Male,10-15 LPA,Salaried,Kolkata
CUST0194,57,Male,<3 LPA,Unemployed,Mumbai
CUST0195,53,Male,10-15 LPA,Salaried,Bengaluru
CUST0196,62,Female,<3 LPA,Salaried,Ahmedabad
CUST0197,64,Male,25+ LPA,Student,Hyderabad
CUST0198,44,Female,6-10 LPA,Unemployed,Pune
CUST0199,35,Female,3-6 LPA,Salaried,Pune
CUST0200,52,Female,3-6 LPA,Self-Employed,Hyderabad
CUST0201,52,Other,6-10 LPA,Unemployed,Bengaluru
CUST0202,44,Female,10-15 LPA,Student,Delhi
CUST0203,61,Female,10-15 LPA,Salaried,Chennai
CUST0204,69,Male,6-10 LPA,Salaried,Hyderabad
CUST0205,69,Female,<3 LPA,Salaried,Bengaluru
CUST0206,32,Male,3-6 LPA,Salaried,Kolkata
CUST0207,59,Male,<3 LPA,Self-Employed,Ahmedabad
CUST0208,22,Female,6-10 LPA,Salaried,Pune
CUST0209,23,Female,15-25 LPA,Self-Employed,Ahmedabad
CUST0210,69,Male,6-10 LPA,Salaried,Bengaluru
CUST0211,57,Female,3-6 LPA,Salaried,Ahmedabad
CUST0212,69,Female,6-10 LPA,Student,Delhi
CUST0213,37,Female,15-25 LPA,Salaried,Delhi
CUST0214,69,Female,10-15 LPA,Salaried,Mumbai
CUST0215,22,Female,15-25 LPA,Unemployed,Hyderabad
CUST0216,22,Other,3-6 LPA,Salaried,Mumbai
CUST0217,48,Female,3-6 LPA,Self-Employed,Ahmedabad
CUST0218,43,Female,15-25 LPA,Self-Employed,Pune
CUST0219,57,Other,10-15 LPA,Salaried,Bengaluru
CUST0220,52,Female,3-6 LPA,Unemployed,Chennai
CUST0221,53,Male,10-15 LPA,Salaried,Ahmedabad
CUST0222,21,Male,15-25 LPA,Salaried,Chennai
CUST0223,39,Male,6-10 LPA,Salaried,Delhi
CUST0224,22,Male,10-15 LPA,Salaried,Chennai
CUST0225,64,Female,3-6 LPA,Student,Chennai
CUST0226,46,Female,6-10 LPA,Salaried,Pune
CUST0227,52,Female,6-10 LPA,Salaried,Chennai
CUST0228,26,Male,15-25 LPA,Salaried,Ahmedabad
CUST0229,52,Female,15-25 LPA,Self-Employed,Bengaluru
CUST0230,24,Female,15-25 LPA,Salaried,Chennai
CUST0231,31,Female,<3 LPA,Salaried,Kolkata
CUST0232,37,Female,10-15 LPA,Self-Employed,Chennai
CUST0233,58,Female,10-15 LPA,Salaried,Chennai
CUST0234,44,Male,10-15 LPA,Salaried,Mumbai
CUST0235,25,Female,10-15 LPA,Salaried,Bengaluru
CUST0236,54,Male,15-25 LPA,Salaried,Ahmedabad
CUST0237,26,Male,6-10 LPA,Student,Delhi
CUST0238,42,Female,6-10 LPA,Salaried,Mumbai
CUST0239,31,Male,<3 LPA,Salaried,Ahmedabad
CUST0240,68,Female,3-6 LPA,Salaried,Hyderabad
CUST0241,36,Male,6-10 LPA,Self-Employed,Bengaluru
CUST0242,53,Female,10-15 LPA,Self-Employed,Kolkata
CUST0243,29,Male,3-6 LPA,Salaried,Bengaluru
CUST0244,26,Other,<3 LPA,Self-Employed,Hyderabad
CUST0245,36,Female,10-15 LPA,Self-Employed,Hyderabad
CUST0246,49,Male,<3 LPA,Student,Hyderabad
CUST0247,23,Female,3-6 LPA,Unemployed,Pune
CUST0248,40,Other,<3 LPA,Salaried,Delhi
CUST0249,56,Male,3-6 LPA,Salaried,Chennai
CUST0250,39,Male,3-6 LPA,Salaried,Bengaluru
CUST0251,46,Female,3-6 LPA,Salaried,Ahmedabad
CUST0252,23,Female,6-10 LPA,Retired,Pune
CUST0253,39,Female,15-25 LPA,Salaried,Ahmedabad
CUST0254,40,Female,6-10 LPA,Salaried,Chennai
CUST0255,52,Male,10-15 LPA,Self-Employed,Chennai
CUST0256,27,Male,<3 LPA,Salaried,Kolkata
CUST0257,61,Female,3-6 LPA,Salaried,Hyderabad
CUST0258,53,Male,10-15 LPA,Salaried,Delhi
CUST0259,60,Male,<3 LPA,Salaried,Kolkata
CUST0260,59,Female,6-10 LPA,Self-Employed,Mumbai
CUST0261,38,Female,6-10 LPA,Salaried,Pune
CUST0262,60,Female,6-10 LPA,Salaried,Pune
CUST0263,21,Female,<3 LPA,Salaried,Delhi
CUST0264,31,Female,3-6 LPA,Salaried,Chennai
CUST0265,48,Female,6-10 LPA,Self-Employed,Ahmedabad
CUST0266,45,Female,<3 LPA,Salaried,Pune
CUST0267,43,Male,10-15 LPA,Salaried,Delhi
CUST0268,51,Male,10-15 LPA,Student,Pune
CUST0269,50,Female,25+ LPA,Self-Employed,Pune
CUST0270,62,Female,3-6 LPA,Salaried,Hyderabad
CUST0271,55,Male,15-25 LPA,Self-Employed,Mumbai
CUST0272,27,Male,6-10 LPA,Self-Employed,Hyderabad
CUST0273,36,Male,3-6 LPA,Self-Employed,Mumbai
CUST0274,46,Male,<3 LPA,Salaried,Pune
CUST0275,68,Female,10-15 LPA,Retired,Kolkata
CUST0276,69,Male,3-6 LPA,Salaried,Ahmedabad
CUST0277,22,Female,3-6 LPA,Salaried,Chennai
CUST0278,21,Female,<3 LPA,Salaried,Pune
CUST0279,68,Female,15-25 LPA,Salaried,Mumbai
CUST0280,32,Female,10-15 LPA,Unemployed,Mumbai
CUST0281,25,Male,10-15 LPA,Salaried,Mumbai
CUST0282,57,Female,3-6 LPA,Salaried,Pune
CUST0283,52,Male,3-6 LPA,Student,Delhi
CUST0284,29,Male,6-10 LPA,Salaried,Kolkata
CUST0285,61,Female,6-10 LPA,Salaried,Delhi
CUST0286,55,Male,3-6 LPA,Salaried,Chennai
CUST0287,39,Male,10-15 LPA,Salaried,Pune
CUST0288,68,Female,25+ LPA,Salaried,Mumbai
CUST0289,36,Male,10-15 LPA,Self-Employed,Kolkata
CUST0290,23,Female,10-15 LPA,Salaried,Kolkata
CUST0291,40,Male,25+ LPA,Salaried,Bengaluru
CUST0292,44,Female,3-6 LPA,Self-Employed,Chennai
CUST0293,53,Female,6-10 LPA,Self-Employed,Ahmedabad
CUST0294,44,Female,25+ LPA,Salaried,Ahmedabad
CUST0295,31,Female,3-6 LPA,Salaried,Kolkata
CUST0296,69,Male,10-15 LPA,Salaried,Pune
CUST0297,28,Female,6-10 LPA,Salaried,Mumbai
CUST0298,56,Male,6-10 LPA,Salaried,Mumbai
CUST0299,58,Female,10-15 LPA,Salaried,Kolkata
CUST0300,60,Male,25+ LPA,Student,Delhi
CUST0301,40,Female,10-15 LPA,Salaried,Chennai
CUST0302,55,Male,<3 LPA,Self-Employed,Mumbai
CUST0303,68,Female,15-25 LPA,Salaried,Kolkata
CUST0304,45,Female,3-6 LPA,Self-Employed,Mumbai
CUST0305,55,Female,3-6 LPA,Self-Employed,Ahmedabad
CUST0306,45,Male,6-10 LPA,Unemployed,Kolkata
CUST0307,49,Female,6-10 LPA,Salaried,Chennai
CUST0308,38,Male,6-10 LPA,Self-Employed,Kolkata
CUST0309,66,Male,25+ LPA,Salaried,Bengaluru
CUST0310,38,Male,10-15 LPA,Self-Employed,Kolkata
CUST0311,22,Male,6-10 LPA,Salaried,Kolkata
CUST0312,55,Female,<3 LPA,Salaried,Pune
CUST0313,36,Female,15-25 LPA,Salaried,Ahmedabad
CUST0314,61,Male,15-25 LPA,Salaried,Chennai
CUST0315,56,Male,10-15 LPA,Salaried,Pune
CUST0316,53,Male,<3 LPA,Salaried,Kolkata
CUST0317,24,Male,<3 LPA,Retired,Chennai
CUST0318,53,Other,3-6 LPA,Self-Employed,Bengaluru
CUST0319,34,Male,<3 LPA,Retired,Chennai
CUST0320,41,Male,3-6 LPA,Salaried,Mumbai
CUST0321,68,Male,25+ LPA,Student,Pune
CUST0322,40,Female,6-10 LPA,Unemployed,Chennai
CUST0323,28,Other,<3 LPA,Self-Employed,Ahmedabad
CUST0324,27,Female,3-6 LPA,Self-Employed,Bengaluru
CUST0325,23,Female,<3 LPA,Salaried,Hyderabad
CUST0326,37,Female,<3 LPA,Unemployed,Kolkata
CUST0327,53,Male,3-6 LPA,Salaried,Chennai
CUST0328,68,Female,3-6 LPA,Salaried,Kolkata
CUST0329,32,Female,10-15 LPA,Salaried,Delhi
CUST0330,42,Female,25+ LPA,Student,Mumbai
CUST0331,42,Female,3-6 LPA,Student,Pune
CUST0332,66,Female,6-10 LPA,Retired,Mumbai
CUST0333,50,Female,15-25 LPA,Self-Employed,Delhi
CUST0334,58,Other,3-6 LPA,Salaried,Delhi
CUST0335,58,Female,3-6 LPA,Salaried,Pune
CUST0336,65,Female,15-25 LPA,Salaried,Chennai
CUST0337,28,Female,<3 LPA,Salaried,Delhi
CUST0338,47,Male,6-10 LPA,Salaried,Hyderabad
CUST0339,47,Female,6-10 LPA,Salaried,Kolkata
CUST0340,54,Male,3-6 LPA,Salaried,Kolkata
CUST0341,41,Female,3-6 LPA,Student,Bengaluru
CUST0342,50,Other,10-15 LPA,Salaried,Ahmedabad
CUST0343,53,Female,<3 LPA,Student,Delhi
CUST0344,48,Male,3-6 LPA,Self-Employed,Delhi
CUST0345,67,Male,10-15 LPA,Salaried,Hyderabad
CUST0346,53,Male,6-10 LPA,Salaried,Mumbai
CUST0347,25,Female,<3 LPA,Salaried,Mumbai
CUST0348,68,Male,15-25 LPA,Salaried,Kolkata
CUST0349,39,Male,3-6 LPA,Self-Employed,Kolkata
CUST0350,24,Male,15-25 LPA,Salaried,Chennai
CUST0351,55,Female,10-15 LPA,Salaried,Pune
CUST0352,69,Female,6-10 LPA,Salaried,Ahmedabad
CUST0353,37,Male,6-10 LPA,Retired,Hyderabad
CUST0354,64,Male,25+ LPA,Self-Employed,Pune
CUST0355,48,Female,<3 LPA,Self-Employed,Pune
CUST0356,50,Female,10-15 LPA,Salaried,Bengaluru
CUST0357,49,Female,3-6 LPA,Self-Employed,Pune
CUST0358,66,Male,3-6 LPA,Self-Employed,Bengaluru
CUST0359,26,Female,3-6 LPA,Self-Employed,Pune
CUST0360,55,Female,25+ LPA,Retired,Hyderabad
CUST0361,61,Female,25+ LPA,Salaried,Bengaluru
CUST0362,57,Female,3-6 LPA,Student,Mumbai
CUST0363,44,Male,<3 LPA,Student,Bengaluru
CUST0364,49,Male,10-15 LPA,Salaried,Bengaluru
CUST0365,69,Female,6-10 LPA,Salaried,Hyderabad
CUST0366,66,Female,<3 LPA,Retired,Hyderabad
CUST0367,51,Female,10-15 LPA,Salaried,Bengaluru
CUST0368,55,Female,6-10 LPA,Salaried,Ahmedabad
CUST0369,53,Female,25+ LPA,Retired,Delhi
CUST0370,41,Female,3-6 LPA,Self-Employed,Ahmedabad
CUST0371,52,Male,6-10 LPA,Salaried,Hyderabad
CUST0372,43,Female,6-10 LPA,Self-Employed,Ahmedabad
CUST0373,53,Male,10-15 LPA,Salaried,Ahmedabad
CUST0374,23,Male,6-10 LPA,Salaried,Chennai
CUST0375,38,Other,6-10 LPA,Salaried,Chennai
CUST0376,45,Male,3-6 LPA,Self-Employed,Mumbai
CUST0377,62,Male,15-25 LPA,Salaried,Pune
CUST0378,51,Male,6-10 LPA,Self-Employed,Bengaluru
CUST0379,23,Female,<3 LPA,Self-Employed,Delhi
CUST0380,60,Male,10-15 LPA,Salaried,Mumbai
CUST0381,66,Male,3-6 LPA,Self-Employed,Bengaluru
CUST0382,44,Male,<3 LPA,Salaried,Ahmedabad
CUST0383,52,Male,15-25 LPA,Self-Employed,Hyderabad
CUST0384,67,Male,6-10 LPA,Salaried,Chennai
CUST0385,42,Male,10-15 LPA,Student,Kolkata
CUST0386,43,Female,3-6 LPA,Salaried,Delhi
CUST0387,22,Male,10-15 LPA,Salaried,Ahmedabad
CUST0388,47,Male,<3 LPA,Self-Employed,Kolkata
CUST0389,62,Male,3-6 LPA,Salaried,Chennai
CUST0390,22,Male,25+ LPA,Salaried,Ahmedabad
CUST0391,46,Female,10-15 LPA,Self-Employed,Pune
CUST0392,37,Female,6-10 LPA,Self-Employed,Pune
CUST0393,60,Male,3-6 LPA,Self-Employed,Kolkata
CUST0394,53,Male,15-25 LPA,Salaried,Hyderabad
CUST0395,29,Male,6-10 LPA,Self-Employed,Ahmedabad
CUST0396,63,Female,10-15 LPA,Salaried,Bengaluru
CUST0397,68,Female,10-15 LPA,Self-Employed,Ahmedabad
CUST0398,59,Female,<3 LPA,Self-Employed,Hyderabad
CUST0399,49,Male,<3 LPA,Salaried,Ahmedabad
CUST0400,62,Female,10-15 LPA,Salaried,Kolkata
CUST0401,46,Male,3-6 LPA,Salaried,Hyderabad
CUST0402,55,Male,3-6 LPA,Salaried,Chennai
CUST0403,45,Male,25+ LPA,Salaried,Delhi
CUST0404,44,Male,6-10 LPA,Salaried,Hyderabad
CUST0405,33,Female,10-15 LPA,Self-Employed,Ahmedabad
CUST0406,27,Female,6-10 LPA,Salaried,Chennai
CUST0407,56,Male,6-10 LPA,Student,Delhi
CUST0408,65,Female,<3 LPA,Salaried,Pune
CUST0409,40,Other,3-6 LPA,Self-Employed,Bengaluru
CUST0410,21,Female,3-6 LPA,Self-Employed,Kolkata
CUST0411,28,Female,3-6 LPA,Salaried,Ahmedabad
CUST0412,66,Female,10-15 LPA,Salaried,Ahmedabad
CUST0413,36,Other,3-6 LPA,Self-Employed,Pune
CUST0414,34,Female,6-10 LPA,Salaried,Bengaluru
CUST0415,32,Male,3-6 LPA,Student,Pune
CUST0416,43,Male,<3 LPA,Salaried,Mumbai
CUST0417,35,Female,6-10 LPA,Student,Pune
CUST0418,48,Male,3-6 LPA,Salaried,Chennai
CUST0419,54,Female,3-6 LPA,Self-Employed,Delhi
CUST0420,22,Male,<3 LPA,Self-Employed,Ahmedabad
CUST0421,52,Male,3-6 LPA,Self-Employed,Pune
CUST0422,43,Male,10-15 LPA,Salaried,Ahmedabad
CUST0423,42,Male,3-6 LPA,Self-Employed,Hyderabad
CUST0424,45,Female,3-6 LPA,Salaried,Bengaluru
CUST0425,42,Female,6-10 LPA,Self-Employed,Pune
CUST0426,42,Female,3-6 LPA,Salaried,Delhi
CUST0427,69,Female,15-25 LPA,Student,Chennai
CUST0428,62,Male,6-10 LPA,Salaried,Mumbai
CUST0429,26,Female,6-10 LPA,Unemployed,Ahmedabad
CUST0430,35,Female,6-10 LPA,Student,Bengaluru
CUST0431,63,Female,3-6 LPA,Unemployed,Kolkata
CUST0432,57,Male,6-10 LPA,Salaried,Delhi
CUST0433,53,Female,3-6 LPA,Salaried,Kolkata
CUST0434,28,Female,15-25 LPA,Retired,Delhi
CUST0435,64,Other,3-6 LPA,Salaried,Delhi
CUST0436,64,Female,6-10 LPA,Salaried,Chennai
CUST0437,25,Male,6-10 LPA,Self-Employed,Chennai
CUST0438,59,Female,<3 LPA,Self-Employed,Chennai
CUST0439,24,Female,3-6 LPA,Salaried,Pune
CUST0440,26,Male,10-15 LPA,Self-Employed,Hyderabad
CUST0441,65,Female,15-25 LPA,Unemployed,Delhi
CUST0442,52,Female,3-6 LPA,Salaried,Bengaluru
CUST0443,50,Male,10-15 LPA,Student,Kolkata
CUST0444,67,Male,25+ LPA,Salaried,Chennai
CUST0445,55,Male,15-25 LPA,Salaried,Pune
CUST0446,60,Male,<3 LPA,Salaried,Chennai
CUST0447,36,Male,10-15 LPA,Salaried,Kolkata
CUST0448,33,Female,3-6 LPA,Student,Kolkata
CUST0449,62,Male,25+ LPA,Salaried,Ahmedabad
CUST0450,50,Male,6-10 LPA,Salaried,Delhi
CUST0451,39,Female,<3 LPA,Salaried,Chennai
CUST0452,37,Female,10-15 LPA,Self-Employed,Kolkata
CUST0453,39,Male,3-6 LPA,Self-Employed,Hyderabad
CUST0454,48,Male,25+ LPA,Salaried,Hyderabad
CUST0455,46,Male,25+ LPA,Salaried,Chennai
CUST0456,57,Female,10-15 LPA,Student,Pune
CUST0457,46,Male,<3 LPA,Salaried,Kolkata
CUST0458,43,Female,10-15 LPA,Salaried,Ahmedabad
CUST0459,29,Other,<3 LPA,Salaried,Delhi
CUST0460,32,Male,<3 LPA,Self-Employed,Delhi
CUST0461,21,Female,15-25 LPA,Salaried,Pune
CUST0462,21,Other,3-6 LPA,Salaried,Ahmedabad
CUST0463,67,Male,3-6 LPA,Salaried,Delhi
CUST0464,54,Female,25+ LPA,Retired,Ahmedabad
CUST0465,52,Female,3-6 LPA,Salaried,Mumbai
CUST0466,68,Female,3-6 LPA,Self-Employed,Chennai
CUST0467,45,Female,15-25 LPA,Salaried,Delhi
CUST0468,60,Female,<3 LPA,Salaried,Hyderabad
CUST0469,65,Female,10-15 LPA,Self-Employed,Kolkata
CUST0470,21,Female,25+ LPA,Salaried,Ahmedabad
CUST0471,36,Female,15-25 LPA,Student,Ahmedabad
CUST0472,59,Female,10-15 LPA,Student,Bengaluru
CUST0473,25,Female,3-6 LPA,Student,Pune
CUST0474,42,Male,3-6 LPA,Salaried,Bengaluru
CUST0475,49,Male,15-25 LPA,Self-Employed,Delhi
CUST0476,23,Male,15-25 LPA,Salaried,Bengaluru
CUST0477,32,Male,6-10 LPA,Student,Bengaluru
CUST0478,46,Male,3-6 LPA,Self-Employed,Mumbai
CUST0479,36,Female,<3 LPA,Unemployed,Ahmedabad
CUST0480,57,Male,<3 LPA,Salaried,Hyderabad
CUST0481,42,Female,10-15 LPA,Salaried,Pune
CUST0482,49,Male,6-10 LPA,Salaried,Hyderabad
CUST0483,34,Female,15-25 LPA,Self-Employed,Mumbai
CUST0484,48,Other,10-15 LPA,Salaried,Mumbai
CUST0485,25,Male,3-6 LPA,Salaried,Bengaluru
CUST0486,67,Female,6-10 LPA,Self-Employed,Chennai
CUST0487,69,Male,6-10 LPA,Self-Employed,Ahmedabad
CUST0488,50,Female,6-10 LPA,Salaried,Kolkata
CUST0489,66,Male,10-15 LPA,Self-Employed,Ahmedabad
CUST0490,25,Female,15-25 LPA,Salaried,Kolkata
CUST0491,32,Male,15-25 LPA,Salaried,Bengaluru
CUST0492,36,Female,3-6 LPA,Salaried,Kolkata
CUST0493,46,Female,<3 LPA,Salaried,Mumbai
CUST0494,46,Male,10-15 LPA,Salaried,Hyderabad
CUST0495,68,Male,<3 LPA,Self-Employed,Kolkata
CUST0496,41,Male,3-6 LPA,Salaried,Ahmedabad
CUST0497,59,Male,<3 LPA,Salaried,Pune
CUST0498,56,Female,10-15 LPA,Student,Bengaluru
CUST0499,53,Male,3-6 LPA,Salaried,Chennai
CUST0500,50,Male,10-15 LPA,Salaried,Bengaluru
CUST0501,57,Male,25+ LPA,Self-Employed,Delhi
CUST0502,43,Female,<3 LPA,Student,Bengaluru
CUST0503,30,Male,<3 LPA,Self-Employed,Mumbai
CUST0504,25,Male,3-6 LPA,Self-Employed,Hyderabad
CUST0505,56,Male,15-25 LPA,Unemployed,Hyderabad
CUST0506,54,Male,3-6 LPA,Salaried,Pune
CUST0507,51,Female,3-6 LPA,Unemployed,Kolkata
CUST0508,30,Male,<3 LPA,Salaried,Mumbai
CUST0509,39,Male,10-15 LPA,Student,Delhi
CUST0510,52,Female,6-10 LPA,Salaried,Mumbai
CUST0511,21,Female,10-15 LPA,Self-Employed,Bengaluru
CUST0512,25,Male,15-25 LPA,Salaried,Mumbai
CUST0513,65,Female,3-6 LPA,Self-Employed,Mumbai
CUST0514,24,Female,15-25 LPA,Salaried,Pune
CUST0515,36,Male,<3 LPA,Student,Delhi
CUST0516,44,Female,15-25 LPA,Unemployed,Bengaluru
CUST0517,36,Female,10-15 LPA,Salaried,Chennai
CUST0518,22,Male,15-25 LPA,Unemployed,Pune
CUST0519,69,Male,<3 LPA,Self-Employed,Chennai
CUST0520,48,Male,3-6 LPA,Self-Employed,Pune
CUST0521,52,Female,3-6 LPA,Salaried,Hyderabad
CUST0522,47,Other,3-6 LPA,Salaried,Ahmedabad
CUST0523,40,Female,3-6 LPA,Salaried,Pune
CUST0524,44,Male,3-6 LPA,Salaried,Kolkata
CUST0525,32,Female,<3 LPA,Student,Mumbai
CUST0526,55,Female,6-10 LPA,Salaried,Hyderabad
CUST0527,53,Male,15-25 LPA,Unemployed,Delhi
CUST0528,53,Male,6-10 LPA,Salaried,Chennai
CUST0529,63,Female,<3 LPA,Salaried,Ahmedabad
CUST0530,57,Male,6-10 LPA,Self-Employed,Ahmedabad
CUST0531,32,Female,<3 LPA,Student,Pune
CUST0532,23,Male,25+ LPA,Salaried,Mumbai
CUST0533,21,Male,<3 LPA,Salaried,Delhi
CUST0534,53,Male,10-15 LPA,Salaried,Kolkata
CUST0535,60,Male,25+ LPA,Salaried,Delhi
CUST0536,30,Female,15-25 LPA,Salaried,Mumbai
CUST0537,63,Male,10-15 LPA,Salaried,Kolkata
CUST0538,64,Female,15-25 LPA,Salaried,Delhi
CUST0539,49,Female,25+ LPA,Self-Employed,Kolkata
CUST0540,33,Female,6-10 LPA,Salaried,Pune
CUST0541,32,Male,6-10 LPA,Salaried,Pune
CUST0542,51,Female,6-10 LPA,Salaried,Mumbai
CUST0543,66,Female,6-10 LPA,Self-Employed,Mumbai
CUST0544,22,Male,6-10 LPA,Student,Kolkata
CUST0545,55,Male,6-10 LPA,Salaried,Bengaluru
CUST0546,43,Female,3-6 LPA,Self-Employed,Hyderabad
CUST0547,37,Other,<3 LPA,Salaried,Ahmedabad
CUST0548,46,Male,<3 LPA,Salaried,Delhi
CUST0549,28,Female,3-6 LPA,Salaried,Delhi
CUST0550,49,Female,<3 LPA,Salaried,Bengaluru
CUST0551,46,Female,6-10 LPA,Self-Employed,Bengaluru
CUST0552,30,Other,3-6 LPA,Student,Bengaluru
CUST0553,46,Female,15-25 LPA,Salaried,Chennai
CUST0554,54,Male,<3 LPA,Self-Employed,Chennai
CUST0555,61,Male,3-6 LPA,Self-Employed,Kolkata
CUST0556,27,Male,10-15 LPA,Salaried,Chennai
CUST0557,24,Female,6-10 LPA,Salaried,Pune
CUST0558,65,Female,<3 LPA,Salaried,Pune
CUST0559,31,Male,15-25 LPA,Salaried,Mumbai
CUST0560,49,Female,15-25 LPA,Salaried,Ahmedabad
CUST0561,56,Female,3-6 LPA,Salaried,Kolkata
CUST0562,45,Female,3-6 LPA,Salaried,Ahmedabad
CUST0563,41,Male,25+ LPA,Self-Employed,Delhi
CUST0564,56,Female,6-10 LPA,Self-Employed,Hyderabad
CUST0565,30,Male,6-10 LPA,Retired,Mumbai
CUST0566,57,Male,15-25 LPA,Salaried,Delhi
CUST0567,29,Male,3-6 LPA,Self-Employed,Delhi
CUST0568,44,Male,6-10 LPA,Student,Kolkata
CUST0569,55,Male,3-6 LPA,Self-Employed,Bengaluru
CUST0570,69,Female,10-15 LPA,Salaried,Bengaluru
CUST0571,55,Male,6-10 LPA,Self-Employed,Ahmedabad
CUST0572,68,Female,10-15 LPA,Salaried,Mumbai
CUST0573,56,Male,3-6 LPA,Salaried,Bengaluru
CUST0574,38,Female,3-6 LPA,Salaried,Delhi
CUST0575,69,Other,6-10 LPA,Self-Employed,Bengaluru
CUST0576,59,Male,10-15 LPA,Salaried,Chennai
CUST0577,52,Male,6-10 LPA,Student,Bengaluru
CUST0578,44,Male,<3 LPA,Self-Employed,Delhi
CUST0579,43,Female,15-25 LPA,Salaried,Ahmedabad
CUST0580,52,Female,<3 LPA,Student,Kolkata
CUST0581,57,Male,25+ LPA,Salaried,Mumbai
CUST0582,32,Female,<3 LPA,Retired,Hyderabad
CUST0583,69,Male,10-15 LPA,Salaried,Bengaluru
CUST0584,33,Male,<3 LPA,Salaried,Pune
CUST0585,43,Female,15-25 LPA,Self-Employed,Pune
CUST0586,45,Male,6-10 LPA,Self-Employed,Ahmedabad
CUST0587,55,Female,<3 LPA,Self-Employed,Delhi
CUST0588,61,Male,3-6 LPA,Retired,Hyderabad
CUST0589,50,Other,3-6 LPA,Self-Employed,Hyderabad
CUST0590,37,Male,3-6 LPA,Self-Employed,Chennai
CUST0591,69,Male,25+ LPA,Student,Hyderabad
CUST0592,40,Female,6-10 LPA,Self-Employed,Pune
CUST0593,68,Male,10-15 LPA,Salaried,Kolkata
CUST0594,45,Other,6-10 LPA,Student,Delhi
CUST0595,42,Female,10-15 LPA,Salaried,Delhi
CUST0596,33,Female,<3 LPA,Self-Employed,Bengaluru
CUST0597,39,Female,3-6 LPA,Student,Bengaluru
CUST0598,69,Female,10-15 LPA,Self-Employed,Bengaluru
CUST0599,56,Female,25+ LPA,Self-Employed,Pune
CUST0600,32,Female,3-6 LPA,Self-Employed,Pune
CUST0601,61,Female,3-6 LPA,Salaried,Ahmedabad
CUST0602,39,Male,6-10 LPA,Student,Pune
CUST0603,32,Male,25+ LPA,Salaried,Pune
CUST0604,29,Female,3-6 LPA,Salaried,Pune
CUST0605,27,Male,6-10 LPA,Salaried,Pune
CUST0606,48,Female,15-25 LPA,Salaried,Kolkata
CUST0607,34,Male,<3 LPA,Salaried,Pune
CUST0608,51,Male,<3 LPA,Unemployed,Ahmedabad
CUST0609,39,Female,6-10 LPA,Salaried,Hyderabad
CUST0610,67,Female,15-25 LPA,Salaried,Hyderabad
CUST0611,36,Male,3-6 LPA,Salaried,Chennai
CUST0612,25,Female,6-10 LPA,Salaried,Kolkata
CUST0613,55,Female,6-10 LPA,Self-Employed,Bengaluru
CUST0614,32,Male,6-10 LPA,Salaried,Mumbai
CUST0615,45,Female,6-10 LPA,Salaried,Pune
CUST0616,41,Male,6-10 LPA,Salaried,Chennai
CUST0617,56,Male,6-10 LPA,Salaried,Mumbai
CUST0618,43,Other,6-10 LPA,Salaried,Ahmedabad
CUST0619,36,Male,6-10 LPA,Salaried,Hyderabad
CUST0620,59,Female,6-10 LPA,Self-Employed,Chennai
CUST0621,65,Female,15-25 LPA,Unemployed,Ahmedabad
CUST0622,62,Male,<3 LPA,Salaried,Chennai
CUST0623,59,Female,15-25 LPA,Retired,Delhi
CUST0624,34,Female,15-25 LPA,Salaried,Ahmedabad
CUST0625,51,Male,3-6 LPA,Salaried,Hyderabad
CUST0626,25,Female,6-10 LPA,Retired,Hyderabad
CUST0627,55,Female,6-10 LPA,Salaried,Kolkata
CUST0628,43,Female,3-6 LPA,Student,Chennai
CUST0629,49,Female,3-6 LPA,Salaried,Pune
CUST0630,63,Male,<3 LPA,Salaried,Hyderabad
CUST0631,31,Female,3-6 LPA,Salaried,Chennai
CUST0632,38,Female,15-25 LPA,Self-Employed,Kolkata
CUST0633,67,Female,3-6 LPA,Self-Employed,Pune
CUST0634,32,Female,15-25 LPA,Self-Employed,Ahmedabad
CUST0635,29,Female,6-10 LPA,Salaried,Kolkata
CUST0636,30,Female,15-25 LPA,Salaried,Delhi
CUST0637,64,Female,6-10 LPA,Salaried,Pune
CUST0638,37,Female,<3 LPA,Salaried,Chennai
CUST0639,58,Female,10-15 LPA,Student,Hyderabad
CUST0640,27,Female,<3 LPA,Salaried,Hyderabad
CUST0641,66,Female,6-10 LPA,Unemployed,Chennai
CUST0642,33,Male,25+ LPA,Unemployed,Chennai
CUST0643,60,Male,3-6 LPA,Salaried,Chennai
CUST0644,62,Male,3-6 LPA,Self-Employed,Bengaluru
CUST0645,29,Female,10-15 LPA,Salaried,Pune
CUST0646,47,Female,15-25 LPA,Salaried,Hyderabad
CUST0647,22,Female,10-15 LPA,Salaried,Pune
CUST0648,25,Male,3-6 LPA,Self-Employed,Kolkata
CUST0649,49,Female,10-15 LPA,Salaried,Hyderabad
CUST0650,57,Male,3-6 LPA,Salaried,Bengaluru
CUST0651,58,Male,10-15 LPA,Salaried,Chennai
CUST0652,39,Female,25+ LPA,Salaried,Delhi
CUST0653,28,Female,10-15 LPA,Self-Employed,Chennai
CUST0654,68,Male,15-25 LPA,Self-Employed,Ahmedabad
CUST0655,65,Male,<3 LPA,Salaried,Chennai
CUST0656,21,Male,10-15 LPA,Salaried,Bengaluru
CUST0657,42,Male,15-25 LPA,Self-Employed,Pune
CUST0658,37,Female,<3 LPA,Salaried,Hyderabad
CUST0659,27,Male,15-25 LPA,Self-Employed,Chennai
CUST0660,45,Female,3-6 LPA,Salaried,Hyderabad
CUST0661,65,Female,10-15 LPA,Salaried,Mumbai
CUST0662,24,Male,15-25 LPA,Salaried,Kolkata
CUST0663,56,Male,10-15 LPA,Salaried,Pune
CUST0664,26,Male,<3 LPA,Self-Employed,Hyderabad
CUST0665,51,Male,6-10 LPA,Salaried,Delhi
CUST0666,39,Male,6-10 LPA,Self-Employed,Kolkata
CUST0667,64,Female,15-25 LPA,Student,Ahmedabad
CUST0668,59,Male,6-10 LPA,Salaried,Ahmedabad
CUST0669,47,Other,3-6 LPA,Self-Employed,Delhi
CUST0670,30,Male,10-15 LPA,Salaried,Chennai
CUST0671,46,Female,6-10 LPA,Salaried,Kolkata
CUST0672,39,Female,6-10 LPA,Self-Employed,Hyderabad
CUST0673,59,Female,6-10 LPA,Salaried,Kolkata
CUST0674,23,Female,15-25 LPA,Self-Employed,Chennai
CUST0675,65,Female,6-10 LPA,Salaried,Bengaluru
CUST0676,33,Female,6-10 LPA,Self-Employed,Pune
CUST0677,48,Female,<3 LPA,Student,Delhi
CUST0678,40,Female,<3 LPA,Student,Chennai
CUST0679,48,Male,3-6 LPA,Self-Employed,Bengaluru
CUST0680,28,Male,3-6 LPA,Self-Employed,Kolkata
CUST0681,61,Female,6-10 LPA,Self-Employed,Kolkata
CUST0682,59,Female,10-15 LPA,Self-Employed,Chennai
CUST0683,21,Female,6-10 LPA,Salaried,Hyderabad
CUST0684,23,Female,15-25 LPA,Salaried,Kolkata
CUST0685,33,Other,25+ LPA,Salaried,Hyderabad
CUST0686,48,Male,15-25 LPA,Retired,Hyderabad
CUST0687,69,Male,10-15 LPA,Salaried,Pune
CUST0688,45,Male,6-10 LPA,Salaried,Hyderabad
CUST0689,53,Male,6-10 LPA,Salaried,Mumbai
CUST0690,58,Female,<3 LPA,Self-Employed,Pune
CUST0691,26,Male,3-6 LPA,Self-Employed,Bengaluru
CUST0692,64,Female,15-25 LPA,Salaried,Bengaluru
CUST0693,65,Male,15-25 LPA,Salaried,Kolkata
CUST0694,52,Female,3-6 LPA,Unemployed,Kolkata
CUST0695,65,Female,6-10 LPA,Salaried,Hyderabad
CUST0696,67,Male,15-25 LPA,Salaried,Pune
CUST0697,41,Female,<3 LPA,Self-Employed,Pune
CUST0698,36,Male,3-6 LPA,Unemployed,Mumbai
CUST0699,41,Male,15-25 LPA,Salaried,Hyderabad
CUST0700,31,Male,6-10 LPA,Self-Employed,Mumbai
CUST0701,57,Male,<3 LPA,Unemployed,Ahmedabad
CUST0702,56,Male,6-10 LPA,Salaried,Hyderabad
CUST0703,55,Female,15-25 LPA,Retired,Delhi
CUST0704,39,Female,6-10 LPA,Self-Employed,Delhi
CUST0705,40,Female,3-6 LPA,Self-Employed,Chennai
CUST0706,38,Male,3-6 LPA,Self-Employed,Hyderabad
CUST0707,67,Female,6-10 LPA,Salaried,Pune
CUST0708,61,Male,6-10 LPA,Salaried,Kolkata
CUST0709,69,Male,10-15 LPA,Salaried,Bengaluru
CUST0710,34,Female,<3 LPA,Salaried,Chennai
CUST0711,35,Male,15-25 LPA,Salaried,Kolkata
CUST0712,51,Female,<3 LPA,Student,Delhi
CUST0713,21,Female,3-6 LPA,Unemployed,Hyderabad
CUST0714,23,Male,<3 LPA,Self-Employed,Chennai
CUST0715,36,Male,3-6 LPA,Student,Hyderabad
CUST0716,43,Male,6-10 LPA,Self-Employed,Delhi
CUST0717,31,Female,6-10 LPA,Salaried,Chennai
CUST0718,32,Male,3-6 LPA,Salaried,Delhi
CUST0719,30,Male,6-10 LPA,Salaried,Mumbai
CUST0720,52,Male,<3 LPA,Self-Employed,Delhi
CUST0721,36,Female,10-15 LPA,Salaried,Pune
CUST0722,28,Male,25+ LPA,Self-Employed,Pune
CUST0723,58,Male,3-6 LPA,Salaried,Hyderabad
CUST0724,32,Female,6-10 LPA,Self-Employed,Bengaluru
CUST0725,44,Female,3-6 LPA,Unemployed,Delhi
CUST0726,48,Male,<3 LPA,Self-Employed,Kolkata
CUST0727,28,Male,3-6 LPA,Retired,Pune
CUST0728,48,Male,10-15 LPA,Unemployed,Ahmedabad
CUST0729,56,Female,6-10 LPA,Student,Bengaluru
CUST0730,46,Male,<3 LPA,Student,Mumbai
CUST0731,28,Female,15-25 LPA,Unemployed,Chennai
CUST0732,48,Female,6-10 LPA,Self-Employed,Chennai
CUST0733,48,Female,15-25 LPA,Salaried,Pune
CUST0734,57,Male,6-10 LPA,Salaried,Bengaluru
CUST0735,61,Female,6-10 LPA,Self-Employed,Pune
CUST0736,56,Female,<3 LPA,Salaried,Chennai
CUST0737,47,Female,3-6 LPA,Salaried,Ahmedabad
CUST0738,37,Male,25+ LPA,Retired,Delhi
CUST0739,29,Other,3-6 LPA,Student,Bengaluru
CUST0740,53,Male,25+ LPA,Unemployed,Hyderabad
CUST0741,40,Male,6-10 LPA,Salaried,Delhi
CUST0742,33,Male,<3 LPA,Salaried,Delhi
CUST0743,48,Female,<3 LPA,Salaried,Delhi
CUST0744,68,Male,3-6 LPA,Salaried,Hyderabad
CUST0745,49,Male,25+ LPA,Salaried,Ahmedabad
CUST0746,33,Male,6-10 LPA,Salaried,Mumbai
CUST0747,66,Male,3-6 LPA,Student,Ahmedabad
CUST0748,55,Female,3-6 LPA,Self-Employed,Ahmedabad
CUST0749,26,Female,<3 LPA,Salaried,Ahmedabad
CUST0750,38,Male,6-10 LPA,Salaried,Kolkata
CUST0751,25,Male,<3 LPA,Salaried,Pune
CUST0752,67,Female,15-25 LPA,Salaried,Chennai
CUST0753,45,Male,3-6 LPA,Student,Pune
CUST0754,22,Male,3-6 LPA,Salaried,Bengaluru
CUST0755,30,Other,6-10 LPA,Salaried,Ahmedabad
CUST0756,50,Female,6-10 LPA,Salaried,Mumbai
CUST0757,65,Male,25+ LPA,Salaried,Bengaluru
CUST0758,25,Female,6-10 LPA,Self-Employed,Pune
CUST0759,53,Male,<3 LPA,Self-Employed,Chennai
CUST0760,21,Female,6-10 LPA,Self-Employed,Hyderabad
CUST0761,38,Male,3-6 LPA,Salaried,Pune
CUST0762,52,Male,<3 LPA,Self-Employed,Delhi
CUST0763,67,Male,25+ LPA,Self-Employed,Pune
CUST0764,69,Female,10-15 LPA,Student,Delhi
CUST0765,31,Female,25+ LPA,Salaried,Hyderabad
CUST0766,41,Male,6-10 LPA,Salaried,Pune
CUST0767,46,Male,6-10 LPA,Self-Employed,Mumbai
CUST0768,45,Female,3-6 LPA,Self-Employed,Mumbai
CUST0769,42,Male,3-6 LPA,Salaried,Bengaluru
CUST0770,47,Male,15-25 LPA,Salaried,Hyderabad
CUST0771,69,Other,3-6 LPA,Salaried,Ahmedabad
CUST0772,33,Male,15-25 LPA,Student,Mumbai
CUST0773,53,Female,10-15 LPA,Salaried,Pune
CUST0774,54,Other,3-6 LPA,Student,Hyderabad
CUST0775,61,Male,6-10 LPA,Salaried,Chennai
CUST0776,55,Male,10-15 LPA,Student,Delhi
CUST0777,21,Male,3-6 LPA,Unemployed,Pune
CUST0778,41,Female,15-25 LPA,Salaried,Delhi
CUST0779,68,Female,6-10 LPA,Student,Delhi
CUST0780,26,Female,3-6 LPA,Salaried,Ahmedabad
CUST0781,48,Male,6-10 LPA,Student,Hyderabad
CUST0782,37,Female,25+ LPA,Self-Employed,Hyderabad
CUST0783,25,Female,3-6 LPA,Salaried,Bengaluru
CUST0784,51,Female,15-25 LPA,Self-Employed,Delhi
CUST0785,25,Female,3-6 LPA,Retired,Bengaluru
CUST0786,58,Female,10-15 LPA,Salaried,Ahmedabad
CUST0787,23,Female,10-15 LPA,Self-Employed,Delhi
CUST0788,43,Female,3-6 LPA,Self-Employed,Bengaluru
CUST0789,57,Male,3-6 LPA,Unemployed,Bengaluru
CUST0790,57,Male,10-15 LPA,Salaried,Chennai
CUST0791,30,Female,6-10 LPA,Salaried,Bengaluru
CUST0792,30,Male,10-15 LPA,Salaried,Hyderabad
CUST0793,39,Female,<3 LPA,Self-Employed,Bengaluru
CUST0794,37,Other,15-25 LPA,Salaried,Delhi
CUST0795,41,Female,10-15 LPA,Student,Bengaluru
CUST0796,34,Male,15-25 LPA,Salaried,Mumbai
CUST0797,29,Male,<3 LPA,Self-Employed,Kolkata
CUST0798,66,Male,6-10 LPA,Salaried,Delhi
CUST0799,21,Female,6-10 LPA,Salaried,Mumbai
CUST0800,65,Female,3-6 LPA,Salaried,Ahmedabad
CUST0801,33,Female,6-10 LPA,Salaried,Delhi
CUST0802,24,Male,<3 LPA,Self-Employed,Hyderabad
CUST0803,21,Female,10-15 LPA,Student,Kolkata
CUST0804,69,Female,6-10 LPA,Self-Employed,Kolkata
CUST0805,60,Male,<3 LPA,Retired,Hyderabad
CUST0806,52,Female,10-15 LPA,Student,Kolkata
CUST0807,54,Male,6-10 LPA,Self-Employed,Hyderabad
CUST0808,48,Male,<3 LPA,Unemployed,Mumbai
CUST0809,51,Female,25+ LPA,Self-Employed,Ahmedabad
CUST0810,28,Male,25+ LPA,Salaried,Chennai
CUST0811,59,Female,6-10 LPA,Self-Employed,Delhi
CUST0812,46,Female,<3 LPA,Salaried,Hyderabad
CUST0813,54,Female,10-15 LPA,Self-Employed,Delhi
CUST0814,23,Male,6-10 LPA,Self-Employed,Ahmedabad
CUST0815,32,Female,3-6 LPA,Salaried,Mumbai
CUST0816,21,Female,6-10 LPA,Salaried,Chennai
CUST0817,64,Female,6-10 LPA,Student,Ahmedabad
CUST0818,25,Male,6-10 LPA,Self-Employed,Mumbai
CUST0819,50,Male,6-10 LPA,Salaried,Kolkata
CUST0820,50,Female,6-10 LPA,Self-Employed,Delhi
CUST0821,37,Male,15-25 LPA,Self-Employed,Pune
CUST0822,68,Female,3-6 LPA,Salaried,Chennai
CUST0823,67,Female,10-15 LPA,Retired,Kolkata
CUST0824,43,Female,15-25 LPA,Self-Employed,Ahmedabad
CUST0825,35,Female,6-10 LPA,Salaried,Chennai
CUST0826,57,Female,6-10 LPA,Unemployed,Kolkata
CUST0827,41,Female,6-10 LPA,Student,Mumbai
CUST0828,34,Female,6-10 LPA,Salaried,Hyderabad
CUST0829,22,Female,15-25 LPA,Salaried,Delhi
CUST0830,31,Male,6-10 LPA,Salaried,Bengaluru
CUST0831,59,Male,25+ LPA,Self-Employed,Bengaluru
CUST0832,58,Female,<3 LPA,Self-Employed,Mumbai
CUST0833,54,Male,<3 LPA,Self-Employed,Ahmedabad
CUST0834,58,Male,6-10 LPA,Student,Delhi
CUST0835,54,Male,3-6 LPA,Self-Employed,Ahmedabad
CUST0836,38,Female,3-6 LPA,Salaried,Delhi
CUST0837,50,Female,3-6 LPA,Salaried,Mumbai
CUST0838,35,Female,3-6 LPA,Salaried,Delhi
CUST0839,47,Female,<3 LPA,Salaried,Hyderabad
CUST0840,54,Female,25+ LPA,Self-Employed,Ahmedabad
CUST0841,58,Male,3-6 LPA,Student,Mumbai
CUST0842,53,Female,10-15 LPA,Salaried,Hyderabad
CUST0843,44,Male,10-15 LPA,Self-Employed,Delhi
CUST0844,35,Female,25+ LPA,Self-Employed,Mumbai
CUST0845,50,Female,<3 LPA,Salaried,Delhi
CUST0846,62,Male,15-25 LPA,Salaried,Ahmedabad
CUST0847,37,Male,6-10 LPA,Salaried,Mumbai
CUST0848,25,Male,6-10 LPA,Salaried,Delhi
CUST0849,49,Male,6-10 LPA,Student,Ahmedabad
CUST0850,24,Male,15-25 LPA,Salaried,Hyderabad
CUST0851,30,Female,3-6 LPA,Salaried,Pune
CUST0852,37,Female,10-15 LPA,Salaried,Hyderabad
CUST0853,30,Female,6-10 LPA,Retired,Delhi
CUST0854,37,Female,10-15 LPA,Salaried,Mumbai
CUST0855,40,Female,25+ LPA,Salaried,Bengaluru
CUST0856,44,Female,3-6 LPA,Salaried,Hyderabad
CUST0857,25,Male,25+ LPA,Salaried,Hyderabad
CUST0858,54,Female,<3 LPA,Salaried,Ahmedabad
CUST0859,26,Male,<3 LPA,Self-Employed,Kolkata
CUST0860,22,Other,<3 LPA,Salaried,Bengaluru
CUST0861,33,Female,3-6 LPA,Salaried,Delhi
CUST0862,63,Female,6-10 LPA,Unemployed,Pune
CUST0863,63,Male,<3 LPA,Salaried,Mumbai
CUST0864,68,Female,<3 LPA,Salaried,Kolkata
CUST0865,31,Female,25+ LPA,Salaried,Delhi
CUST0866,67,Male,15-25 LPA,Retired,Chennai
CUST0867,43,Male,15-25 LPA,Salaried,Pune
CUST0868,36,Female,15-25 LPA,Student,Hyderabad
CUST0869,51,Male,10-15 LPA,Self-Employed,Chennai
CUST0870,31,Female,<3 LPA,Salaried,Hyderabad
CUST0871,36,Male,3-6 LPA,Retired,Hyderabad
CUST0872,28,Male,10-15 LPA,Salaried,Chennai
CUST0873,24,Female,3-6 LPA,Salaried,Pune
CUST0874,60,Male,10-15 LPA,Unemployed,Ahmedabad
CUST0875,24,Female,<3 LPA,Self-Employed,Chennai
CUST0876,45,Male,3-6 LPA,Self-Employed,Delhi
CUST0877,23,Male,6-10 LPA,Salaried,Kolkata
CUST0878,52,Female,6-10 LPA,Salaried,Kolkata
CUST0879,23,Female,6-10 LPA,Self-Employed,Chennai
CUST0880,47,Female,10-15 LPA,Salaried,Delhi
CUST0881,49,Female,<3 LPA,Salaried,Ahmedabad
CUST0882,52,Female,<3 LPA,Salaried,Kolkata
CUST0883,39,Male,15-25 LPA,Salaried,Delhi
CUST0884,41,Male,10-15 LPA,Student,Ahmedabad
CUST0885,25,Female,<3 LPA,Salaried,Delhi
CUST0886,38,Female,15-25 LPA,Retired,Hyderabad
CUST0887,48,Female,3-6 LPA,Salaried,Kolkata
CUST0888,62,Male,6-10 LPA,Self-Employed,Ahmedabad
CUST0889,42,Male,<3 LPA,Salaried,Kolkata
CUST0890,41,Female,10-15 LPA,Salaried,Hyderabad
CUST0891,26,Female,10-15 LPA,Salaried,Chennai
CUST0892,21,Female,3-6 LPA,Salaried,Hyderabad
CUST0893,25,Female,15-25 LPA,Salaried,Kolkata
CUST0894,61,Female,6-10 LPA,Retired,Kolkata
CUST0895,32,Male,3-6 LPA,Self-Employed,Pune
CUST0896,46,Male,3-6 LPA,Salaried,Ahmedabad
CUST0897,66,Male,3-6 LPA,Salaried,Chennai
CUST0898,54,Male,<3 LPA,Salaried,Hyderabad
CUST0899,69,Female,6-10 LPA,Self-Employed,Ahmedabad
CUST0900,34,Male,15-25 LPA,Self-Employed,Mumbai
CUST0901,46,Female,6-10 LPA,Student,Ahmedabad
CUST0902,65,Male,3-6 LPA,Salaried,Mumbai
CUST0903,47,Male,<3 LPA,Salaried,Chennai
CUST0904,29,Male,3-6 LPA,Salaried,Hyderabad
CUST0905,46,Male,6-10 LPA,Self-Employed,Hyderabad
CUST0906,67,Female,10-15 LPA,Self-Employed,Delhi
CUST0907,42,Male,3-6 LPA,Self-Employed,Kolkata
CUST0908,67,Female,10-15 LPA,Self-Employed,Bengaluru
CUST0909,50,Male,15-25 LPA,Salaried,Pune
CUST0910,63,Male,6-10 LPA,Self-Employed,Ahmedabad
CUST0911,68,Male,15-25 LPA,Salaried,Chennai
CUST0912,37,Female,6-10 LPA,Self-Employed,Bengaluru
CUST0913,46,Female,6-10 LPA,Salaried,Ahmedabad
CUST0914,56,Male,6-10 LPA,Salaried,Bengaluru
CUST0915,21,Male,6-10 LPA,Student,Chennai
CUST0916,28,Female,3-6 LPA,Student,Hyderabad
CUST0917,69,Male,3-6 LPA,Unemployed,Chennai
CUST0918,55,Male,3-6 LPA,Salaried,Ahmedabad
CUST0919,35,Female,6-10 LPA,Self-Employed,Bengaluru
CUST0920,67,Female,<3 LPA,Salaried,Kolkata
CUST0921,42,Male,15-25 LPA,Student,Pune
CUST0922,34,Female,10-15 LPA,Salaried,Pune
CUST0923,46,Female,6-10 LPA,Retired,Kolkata
CUST0924,48,Male,3-6 LPA,Student,Kolkata
CUST0925,43,Female,15-25 LPA,Self-Employed,Hyderabad
CUST0926,34,Female,15-25 LPA,Salaried,Ahmedabad
CUST0927,44,Male,10-15 LPA,Salaried,Mumbai
CUST0928,22,Male,3-6 LPA,Student,Chennai
CUST0929,65,Male,6-10 LPA,Salaried,Pune
CUST0930,46,Female,<3 LPA,Student,Kolkata
CUST0931,34,Male,3-6 LPA,Salaried,Chennai
CUST0932,27,Female,10-15 LPA,Salaried,Pune
CUST0933,23,Female,10-15 LPA,Student,Kolkata
CUST0934,67,Male,6-10 LPA,Self-Employed,Ahmedabad
CUST0935,43,Female,15-25 LPA,Self-Employed,Pune
CUST0936,66,Male,6-10 LPA,Self-Employed,Hyderabad
CUST0937,63,Female,6-10 LPA,Salaried,Mumbai
CUST0938,67,Female,3-6 LPA,Self-Employed,Mumbai
CUST0939,65,Male,25+ LPA,Salaried,Kolkata
CUST0940,38,Male,<3 LPA,Student,Pune
CUST0941,58,Male,25+ LPA,Student,Hyderabad
CUST0942,55,Male,15-25 LPA,Salaried,Delhi
CUST0943,35,Male,<3 LPA,Self-Employed,Chennai
CUST0944,45,Male,6-10 LPA,Self-Employed,Chennai
CUST0945,57,Other,15-25 LPA,Salaried,Bengaluru
CUST0946,48,Male,6-10 LPA,Retired,Hyderabad
CUST0947,30,Male,15-25 LPA,Salaried,Pune
CUST0948,59,Female,25+ LPA,Salaried,Ahmedabad
CUST0949,37,Male,6-10 LPA,Salaried,Ahmedabad
CUST0950,59,Other,3-6 LPA,Salaried,Bengaluru
CUST0951,42,Female,25+ LPA,Self-Employed,Kolkata
CUST0952,46,Female,10-15 LPA,Self-Employed,Pune
CUST0953,64,Male,<3 LPA,Self-Employed,Bengaluru
CUST0954,45,Male,<3 LPA,Self-Employed,Mumbai
CUST0955,37,Male,6-10 LPA,Salaried,Chennai
CUST0956,33,Female,25+ LPA,Salaried,Pune
CUST0957,40,Male,15-25 LPA,Salaried,Bengaluru
CUST0958,45,Male,10-15 LPA,Salaried,Mumbai
CUST0959,24,Other,<3 LPA,Self-Employed,Hyderabad
CUST0960,30,Male,3-6 LPA,Salaried,Bengaluru
CUST0961,23,Male,15-25 LPA,Salaried,Kolkata
CUST0962,61,Male,3-6 LPA,Salaried,Kolkata
CUST0963,65,Other,3-6 LPA,Student,Kolkata
CUST0964,38,Male,<3 LPA,Student,Pune
CUST0965,67,Female,10-15 LPA,Self-Employed,Ahmedabad
CUST0966,56,Female,25+ LPA,Student,Ahmedabad
CUST0967,67,Male,3-6 LPA,Self-Employed,Chennai
CUST0968,42,Female,6-10 LPA,Self-Employed,Bengaluru
CUST0969,54,Male,6-10 LPA,Salaried,Hyderabad
CUST0970,67,Male,25+ LPA,Self-Employed,Bengaluru
CUST0971,28,Female,<3 LPA,Self-Employed,Chennai
CUST0972,60,Female,6-10 LPA,Self-Employed,Mumbai
CUST0973,69,Female,3-6 LPA,Self-Employed,Chennai
CUST0974,64,Female,15-25 LPA,Salaried,Kolkata
CUST0975,39,Male,6-10 LPA,Self-Employed,Pune
CUST0976,62,Male,<3 LPA,Student,Mumbai
CUST0977,61,Male,6-10 LPA,Salaried,Pune
CUST0978,57,Male,10-15 LPA,Self-Employed,Kolkata
CUST0979,26,Male,<3 LPA,Salaried,Delhi
CUST0980,46,Male,15-25 LPA,Self-Employed,Chennai
CUST0981,54,Male,3-6 LPA,Self-Employed,Chennai
CUST0982,65,Male,6-10 LPA,Salaried,Hyderabad
CUST0983,26,Female,6-10 LPA,Self-Employed,Bengaluru
CUST0984,57,Female,10-15 LPA,Salaried,Mumbai
CUST0985,53,Male,3-6 LPA,Self-Employed,Ahmedabad
CUST0986,42,Female,15-25 LPA,Salaried,Pune
CUST0987,41,Female,10-15 LPA,Self-Employed,Mumbai
CUST0988,26,Male,6-10 LPA,Salaried,Hyderabad
CUST0989,26,Female,10-15 LPA,Self-Employed,Hyderabad
CUST0990,68,Female,10-15 LPA,Salaried,Pune
CUST0991,24,Female,<3 LPA,Student,Ahmedabad
CUST0992,50,Male,3-6 LPA,Student,Bengaluru
CUST0993,31,Female,25+ LPA,Retired,Pune
CUST0994,50,Male,<3 LPA,Self-Employed,Pune
CUST0995,51,Female,10-15 LPA,Self-Employed,Kolkata
CUST0996,44,Female,25+ LPA,Salaried,Ahmedabad
CUST0997,29,Female,<3 LPA,Salaried,Bengaluru
CUST0998,23,Female,10-15 LPA,Salaried,Chennai
CUST0999,51,Female,6-10 LPA,Self-Employed,Kolkata
CUST1000,60,Male,6-10 LPA,Student,Delhi
